Model,Mean CV,Std CV
Naive Bayes,0.8177721088435372,0.11239830528920294
KNN,0.8139455782312925,0.06611940010747562
Logistic Regression,0.8136054421768708,0.10071043168423742
SVM,0.7974489795918368,0.061136203351750226
Random Forest,0.7974489795918367,0.07715242475072623
AdaBoost,0.7934523809523809,0.08571428571428572
Gradient Boosting,0.7687074829931972,0.0902182432373699
Decision Tree,0.7228741496598639,0.10891008276131592
