Model,Train Acc,Test Acc,Precision,Recall,F1-Score,ROC-AUC,Overfitting
Random Forest,1.0,0.8360655737704918,0.7804878048780488,0.9696969696969697,0.8648648648648649,0.9090909090909092,0.16393442622950816
Gradient Boosting,0.9958677685950413,0.819672131147541,0.7894736842105263,0.9090909090909091,0.8450704225352113,0.8787878787878788,0.17619563744750033
SVM,0.9132231404958677,0.819672131147541,0.775,0.9393939393939394,0.8493150684931506,0.8831168831168832,0.09355100934832672
AdaBoost,0.9049586776859504,0.819672131147541,0.7894736842105263,0.9090909090909091,0.8450704225352113,0.8874458874458875,0.08528654653840939
Naive Bayes,0.8429752066115702,0.819672131147541,0.7894736842105263,0.9090909090909091,0.8450704225352113,0.8755411255411256,0.02330307546402921
Logistic Regression,0.8429752066115702,0.8032786885245902,0.7692307692307693,0.9090909090909091,0.8333333333333334,0.8690476190476191,0.03969651808698005
KNN,0.871900826446281,0.8032786885245902,0.7692307692307693,0.9090909090909091,0.8333333333333334,0.8630952380952381,0.0686221379216908
Decision Tree,0.9256198347107438,0.7868852459016393,0.75,0.9090909090909091,0.821917808219178,0.8176406926406926,0.1387345888091045
